{
  "singleton": 1.3490519230701272,
  "god_object": 0.4958744451693852,
  "fooPattern": 1.656611344723981,
  "barPattern": 0.49846228703650663
}