{
  "singleton": 1.462445272932421,
  "god_object": 0.5375547270675787
}